onset	duration	section_num	subject_num
28.9591	0.5	5	sub-34
29.9618	0.5	5	sub-34
30.9709	0.5	5	sub-34
31.9636	0.5	5	sub-34
32.9739	0.5	5	sub-34
33.9749	0.5	5	sub-34
34.9756	0.5	5	sub-34
35.9764	0.5	5	sub-34
36.9736	0.5	5	sub-34
37.9744	0.5	5	sub-34
38.975	0.5	5	sub-34
39.9757	0.5	5	sub-34
40.9765	0.5	5	sub-34
41.9737	0.5	5	sub-34
42.9746	0.5	5	sub-34
43.9751	0.5	5	sub-34
44.9761	0.5	5	sub-34
45.9768	0.5	5	sub-34
46.9735	0.5	5	sub-34
47.9746	0.5	5	sub-34
48.9752	0.5	5	sub-34
49.9762	0.5	5	sub-34
50.9769	0.5	5	sub-34
51.9736	0.5	5	sub-34
52.9744	0.5	5	sub-34
53.9816	0.5	5	sub-34
54.9834	0.5	5	sub-34
55.9839	0.5	5	sub-34
56.9839	0.5	5	sub-34
57.9842	0.5	5	sub-34
58.9846	0.5	5	sub-34
59.9869	0.5	5	sub-34
60.9845	0.5	5	sub-34
88.0962	0.5	14	sub-34
89.1058	0.5	14	sub-34
90.1034	0.5	14	sub-34
91.1046	0.5	14	sub-34
92.0975	0.5	14	sub-34
93.0997	0.5	14	sub-34
94.1094	0.5	14	sub-34
95.1107	0.5	14	sub-34
96.1113	0.5	14	sub-34
97.1085	0.5	14	sub-34
98.109	0.5	14	sub-34
99.1098	0.5	14	sub-34
100.1109	0.5	14	sub-34
101.1118	0.5	14	sub-34
102.1082	0.5	14	sub-34
103.1091	0.5	14	sub-34
104.1097	0.5	14	sub-34
105.1107	0.5	14	sub-34
106.1115	0.5	14	sub-34
107.1088	0.5	14	sub-34
108.1096	0.5	14	sub-34
109.11	0.5	14	sub-34
110.1108	0.5	14	sub-34
111.1121	0.5	14	sub-34
112.1088	0.5	14	sub-34
113.1094	0.5	14	sub-34
114.1134	0.5	14	sub-34
115.1278	0.5	14	sub-34
116.1286	0.5	14	sub-34
117.1257	0.5	14	sub-34
118.1261	0.5	14	sub-34
119.127	0.5	14	sub-34
120.128	0.5	14	sub-34
121.1286	0.5	14	sub-34
122.1257	0.5	14	sub-34
123.1265	0.5	14	sub-34
145.3544	0.5	2	sub-34
146.359	0.5	2	sub-34
147.3528	0.5	2	sub-34
148.3547	0.5	2	sub-34
149.3532	0.5	2	sub-34
150.3566	0.5	2	sub-34
151.3544	0.5	2	sub-34
152.3531	0.5	2	sub-34
153.3548	0.5	2	sub-34
154.3523	0.5	2	sub-34
155.3538	0.5	2	sub-34
156.3565	0.5	2	sub-34
157.3509	0.5	2	sub-34
158.3501	0.5	2	sub-34
159.3555	0.5	2	sub-34
160.3524	0.5	2	sub-34
161.3544	0.5	2	sub-34
162.3529	0.5	2	sub-34
163.353	0.5	2	sub-34
164.3544	0.5	2	sub-34
165.3623	0.5	2	sub-34
166.3634	0.5	2	sub-34
167.3599	0.5	2	sub-34
168.3607	0.5	2	sub-34
169.3619	0.5	2	sub-34
170.3627	0.5	2	sub-34
171.3633	0.5	2	sub-34
172.3601	0.5	2	sub-34
173.3608	0.5	2	sub-34
174.3616	0.5	2	sub-34
175.37	0.5	2	sub-34
176.3723	0.5	2	sub-34
177.3686	0.5	2	sub-34
178.3717	0.5	2	sub-34
179.369	0.5	2	sub-34
180.3715	0.5	2	sub-34
181.3742	0.5	2	sub-34
182.3751	0.5	2	sub-34
183.3778	0.5	2	sub-34
184.3789	0.5	2	sub-34
185.3872	0.5	2	sub-34
186.3866	0.5	2	sub-34
187.384	0.5	2	sub-34
188.3856	0.5	2	sub-34
189.3895	0.5	2	sub-34
190.3904	0.5	2	sub-34
191.3894	0.5	2	sub-34
192.3842	0.5	2	sub-34
193.3911	0.5	2	sub-34
194.3889	0.5	2	sub-34
195.3963	0.5	2	sub-34
196.3972	0.5	2	sub-34
197.3939	0.5	2	sub-34
198.3948	0.5	2	sub-34
199.3955	0.5	2	sub-34
200.3967	0.5	2	sub-34
201.3976	0.5	2	sub-34
202.3945	0.5	2	sub-34
203.3949	0.5	2	sub-34
204.3957	0.5	2	sub-34
205.4087	0.5	2	sub-34
206.4078	0.5	2	sub-34
207.4066	0.5	2	sub-34
208.4047	0.5	2	sub-34
209.4033	0.5	2	sub-34
210.4105	0.5	2	sub-34
211.4141	0.5	2	sub-34
212.4114	0.5	2	sub-34
213.4116	0.5	2	sub-34
214.4126	0.5	2	sub-34
215.4244	0.5	2	sub-34
216.4218	0.5	2	sub-34
217.4179	0.5	2	sub-34
218.4207	0.5	2	sub-34
219.4198	0.5	2	sub-34
220.427	0.5	2	sub-34
221.4315	0.5	2	sub-34
222.4283	0.5	2	sub-34
223.429	0.5	2	sub-34
224.4298	0.5	2	sub-34
225.4401	0.5	2	sub-34
226.439	0.5	2	sub-34
227.4389	0.5	2	sub-34
228.437	0.5	2	sub-34
229.4391	0.5	2	sub-34
230.4394	0.5	2	sub-34
231.4385	0.5	2	sub-34
232.4389	0.5	2	sub-34
233.4362	0.5	2	sub-34
234.4377	0.5	2	sub-34
235.4474	0.5	2	sub-34
236.4484	0.5	2	sub-34
237.4453	0.5	2	sub-34
238.4458	0.5	2	sub-34
239.4466	0.5	2	sub-34
240.4477	0.5	2	sub-34
241.4485	0.5	2	sub-34
242.445	0.5	2	sub-34
243.4461	0.5	2	sub-34
244.4469	0.5	2	sub-34
245.4569	0.5	2	sub-34
246.4577	0.5	2	sub-34
247.4529	0.5	2	sub-34
248.453	0.5	2	sub-34
249.4557	0.5	2	sub-34
250.4554	0.5	2	sub-34
251.4553	0.5	2	sub-34
252.4554	0.5	2	sub-34
253.4556	0.5	2	sub-34
254.4571	0.5	2	sub-34
255.4646	0.5	2	sub-34
256.4656	0.5	2	sub-34
257.462	0.5	2	sub-34
258.4629	0.5	2	sub-34
259.4637	0.5	2	sub-34
260.4649	0.5	2	sub-34
261.4653	0.5	2	sub-34
262.4622	0.5	2	sub-34
263.463	0.5	2	sub-34
288.4693	0.5	13	sub-34
289.4754	0.5	13	sub-34
290.4737	0.5	13	sub-34
291.4781	0.5	13	sub-34
292.4752	0.5	13	sub-34
293.4732	0.5	13	sub-34
294.4779	0.5	13	sub-34
295.4741	0.5	13	sub-34
296.4841	0.5	13	sub-34
297.4797	0.5	13	sub-34
298.4806	0.5	13	sub-34
299.4812	0.5	13	sub-34
300.4817	0.5	13	sub-34
301.4827	0.5	13	sub-34
302.4801	0.5	13	sub-34
303.4804	0.5	13	sub-34
304.4816	0.5	13	sub-34
305.4825	0.5	13	sub-34
306.4911	0.5	13	sub-34
307.4888	0.5	13	sub-34
308.4902	0.5	13	sub-34
309.4928	0.5	13	sub-34
310.489	0.5	13	sub-34
311.4915	0.5	13	sub-34
312.4874	0.5	13	sub-34
313.488	0.5	13	sub-34
314.4912	0.5	13	sub-34
315.4915	0.5	13	sub-34
316.5002	0.5	13	sub-34
317.4969	0.5	13	sub-34
318.4974	0.5	13	sub-34
319.4986	0.5	13	sub-34
320.4995	0.5	13	sub-34
321.5002	0.5	13	sub-34
322.4968	0.5	13	sub-34
323.4979	0.5	13	sub-34
324.4988	0.5	13	sub-34
325.4992	0.5	13	sub-34
326.5098	0.5	13	sub-34
327.5053	0.5	13	sub-34
328.5046	0.5	13	sub-34
329.5069	0.5	13	sub-34
330.507	0.5	13	sub-34
331.51	0.5	13	sub-34
332.5076	0.5	13	sub-34
333.5047	0.5	13	sub-34
334.5079	0.5	13	sub-34
335.5071	0.5	13	sub-34
336.5173	0.5	13	sub-34
337.5135	0.5	13	sub-34
338.5148	0.5	13	sub-34
339.5154	0.5	13	sub-34
340.5165	0.5	13	sub-34
341.5173	0.5	13	sub-34
342.5139	0.5	13	sub-34
343.5146	0.5	13	sub-34
344.5156	0.5	13	sub-34
345.5163	0.5	13	sub-34
346.5246	0.5	13	sub-34
347.5243	0.5	13	sub-34
348.5241	0.5	13	sub-34
349.5246	0.5	13	sub-34
350.5253	0.5	13	sub-34
351.5273	0.5	13	sub-34
352.5214	0.5	13	sub-34
353.5228	0.5	13	sub-34
354.5248	0.5	13	sub-34
355.5268	0.5	13	sub-34
356.5344	0.5	13	sub-34
357.5308	0.5	13	sub-34
358.5316	0.5	13	sub-34
359.5325	0.5	13	sub-34
360.5331	0.5	13	sub-34
361.5344	0.5	13	sub-34
362.531	0.5	13	sub-34
363.5322	0.5	13	sub-34
364.5327	0.5	13	sub-34
365.5334	0.5	13	sub-34
366.5415	0.5	13	sub-34
367.539	0.5	13	sub-34
368.5424	0.5	13	sub-34
369.5401	0.5	13	sub-34
370.5424	0.5	13	sub-34
371.5422	0.5	13	sub-34
372.54	0.5	13	sub-34
373.5411	0.5	13	sub-34
374.5413	0.5	13	sub-34
375.5428	0.5	13	sub-34
376.5514	0.5	13	sub-34
377.5483	0.5	13	sub-34
378.5488	0.5	13	sub-34
379.55	0.5	13	sub-34
380.5507	0.5	13	sub-34
381.5517	0.5	13	sub-34
382.5484	0.5	13	sub-34
383.5488	0.5	13	sub-34
384.5497	0.5	13	sub-34
385.5508	0.5	13	sub-34
386.5611	0.5	13	sub-34
387.5575	0.5	13	sub-34
388.5575	0.5	13	sub-34
389.5565	0.5	13	sub-34
390.5608	0.5	13	sub-34
391.5607	0.5	13	sub-34
392.5554	0.5	13	sub-34
393.5586	0.5	13	sub-34
394.5604	0.5	13	sub-34
395.5589	0.5	13	sub-34
396.5683	0.5	13	sub-34
397.5651	0.5	13	sub-34
398.5661	0.5	13	sub-34
399.5671	0.5	13	sub-34
400.5676	0.5	13	sub-34
424.7886	0.5	20	sub-34
425.8294	0.5	20	sub-34
426.8267	0.5	20	sub-34
427.8255	0.5	20	sub-34
428.8259	0.5	20	sub-34
429.8268	0.5	20	sub-34
430.8286	0.5	20	sub-34
431.8299	0.5	20	sub-34
432.8235	0.5	20	sub-34
433.8248	0.5	20	sub-34
434.8264	0.5	20	sub-34
435.828	0.5	20	sub-34
436.8272	0.5	20	sub-34
437.8241	0.5	20	sub-34
438.8265	0.5	20	sub-34
439.8246	0.5	20	sub-34
440.8288	0.5	20	sub-34
441.8273	0.5	20	sub-34
442.8254	0.5	20	sub-34
443.8249	0.5	20	sub-34
444.831	0.5	20	sub-34
445.8294	0.5	20	sub-34
446.8313	0.5	20	sub-34
447.8265	0.5	20	sub-34
448.8274	0.5	20	sub-34
449.8296	0.5	20	sub-34
450.829	0.5	20	sub-34
451.829	0.5	20	sub-34
452.8252	0.5	20	sub-34
453.8261	0.5	20	sub-34
454.8272	0.5	20	sub-34
455.8284	0.5	20	sub-34
456.8281	0.5	20	sub-34
457.8254	0.5	20	sub-34
458.8307	0.5	20	sub-34
459.8317	0.5	20	sub-34
460.8292	0.5	20	sub-34
461.8376	0.5	20	sub-34
462.8338	0.5	20	sub-34
463.8345	0.5	20	sub-34
464.8351	0.5	20	sub-34
465.8361	0.5	20	sub-34
466.837	0.5	20	sub-34
467.846	0.5	20	sub-34
468.8441	0.5	20	sub-34
469.8449	0.5	20	sub-34
470.8453	0.5	20	sub-34
471.8452	0.5	20	sub-34
472.8419	0.5	20	sub-34
473.8466	0.5	20	sub-34
474.8436	0.5	20	sub-34
475.8443	0.5	20	sub-34
476.8464	0.5	20	sub-34
477.8507	0.5	20	sub-34
478.8515	0.5	20	sub-34
479.852	0.5	20	sub-34
480.8528	0.5	20	sub-34
481.854	0.5	20	sub-34
482.8508	0.5	20	sub-34
483.8513	0.5	20	sub-34
484.8525	0.5	20	sub-34
485.8533	0.5	20	sub-34
486.8538	0.5	20	sub-34
487.8591	0.5	20	sub-34
488.8601	0.5	20	sub-34
489.8627	0.5	20	sub-34
490.8639	0.5	20	sub-34
491.8651	0.5	20	sub-34
492.8589	0.5	20	sub-34
493.8606	0.5	20	sub-34
494.8638	0.5	20	sub-34
495.8606	0.5	20	sub-34
496.8624	0.5	20	sub-34
497.8678	0.5	20	sub-34
498.8687	0.5	20	sub-34
499.8691	0.5	20	sub-34
500.8703	0.5	20	sub-34
501.8711	0.5	20	sub-34
502.8678	0.5	20	sub-34
503.8684	0.5	20	sub-34
504.8691	0.5	20	sub-34
505.87	0.5	20	sub-34
506.871	0.5	20	sub-34
507.876	0.5	20	sub-34
508.8776	0.5	20	sub-34
509.8789	0.5	20	sub-34
510.8809	0.5	20	sub-34
535.2102	0.5	6	sub-34
536.2471	0.5	6	sub-34
537.2478	0.5	6	sub-34
538.2522	0.5	6	sub-34
539.2529	0.5	6	sub-34
540.2537	0.5	6	sub-34
541.2545	0.5	6	sub-34
542.2553	0.5	6	sub-34
543.2525	0.5	6	sub-34
544.253	0.5	6	sub-34
545.2538	0.5	6	sub-34
546.2546	0.5	6	sub-34
547.2554	0.5	6	sub-34
548.2597	0.5	6	sub-34
549.2619	0.5	6	sub-34
550.2639	0.5	6	sub-34
551.2623	0.5	6	sub-34
552.2642	0.5	6	sub-34
553.2615	0.5	6	sub-34
554.2624	0.5	6	sub-34
555.2614	0.5	6	sub-34
556.2656	0.5	6	sub-34
557.2664	0.5	6	sub-34
558.269	0.5	6	sub-34
559.2699	0.5	6	sub-34
560.2707	0.5	6	sub-34
561.2717	0.5	6	sub-34
562.2727	0.5	6	sub-34
563.2693	0.5	6	sub-34
564.27	0.5	6	sub-34
565.2709	0.5	6	sub-34
566.2716	0.5	6	sub-34
567.2724	0.5	6	sub-34
568.2773	0.5	6	sub-34
569.2776	0.5	6	sub-34
570.2827	0.5	6	sub-34
571.2789	0.5	6	sub-34
572.2836	0.5	6	sub-34
573.2769	0.5	6	sub-34
574.2793	0.5	6	sub-34
575.2816	0.5	6	sub-34
576.2794	0.5	6	sub-34
577.2802	0.5	6	sub-34
578.2862	0.5	6	sub-34
579.2874	0.5	6	sub-34
580.2879	0.5	6	sub-34
581.2891	0.5	6	sub-34
582.2899	0.5	6	sub-34
583.2867	0.5	6	sub-34
584.2873	0.5	6	sub-34
585.2881	0.5	6	sub-34
586.2892	0.5	6	sub-34
587.2899	0.5	6	sub-34
588.2948	0.5	6	sub-34
589.2978	0.5	6	sub-34
590.2994	0.5	6	sub-34
591.2991	0.5	6	sub-34
592.2975	0.5	6	sub-34
593.2939	0.5	6	sub-34
594.2968	0.5	6	sub-34
595.2962	0.5	6	sub-34
596.2965	0.5	6	sub-34
597.2991	0.5	6	sub-34
598.3034	0.5	6	sub-34
599.3041	0.5	6	sub-34
600.3051	0.5	6	sub-34
601.3062	0.5	6	sub-34
602.307	0.5	6	sub-34
603.3033	0.5	6	sub-34
604.3043	0.5	6	sub-34
605.3162	0.5	6	sub-34
606.3134	0.5	6	sub-34
607.3152	0.5	6	sub-34
608.3202	0.5	6	sub-34
609.321	0.5	6	sub-34
610.3219	0.5	6	sub-34
611.3227	0.5	6	sub-34
612.3235	0.5	6	sub-34
613.3204	0.5	6	sub-34
614.3215	0.5	6	sub-34
615.3221	0.5	6	sub-34
616.3233	0.5	6	sub-34
617.3236	0.5	6	sub-34
618.3302	0.5	6	sub-34
619.3326	0.5	6	sub-34
620.3381	0.5	6	sub-34
621.3399	0.5	6	sub-34
622.3407	0.5	6	sub-34
623.3372	0.5	6	sub-34
624.338	0.5	6	sub-34
625.3388	0.5	6	sub-34
626.3398	0.5	6	sub-34
627.359	0.5	6	sub-34
628.3705	0.5	6	sub-34
629.3808	0.5	6	sub-34
630.3836	0.5	6	sub-34
631.3824	0.5	6	sub-34
632.3822	0.5	6	sub-34
633.3784	0.5	6	sub-34
634.3814	0.5	6	sub-34
635.382	0.5	6	sub-34
636.3812	0.5	6	sub-34
637.3833	0.5	6	sub-34
638.3794	0.5	6	sub-34
639.3884	0.5	6	sub-34
640.3896	0.5	6	sub-34
641.3901	0.5	6	sub-34
642.391	0.5	6	sub-34
643.388	0.5	6	sub-34
644.3885	0.5	6	sub-34
645.3897	0.5	6	sub-34
646.3904	0.5	6	sub-34
647.3911	0.5	6	sub-34
648.3877	0.5	6	sub-34
649.4053	0.5	6	sub-34
650.4061	0.5	6	sub-34
651.4069	0.5	6	sub-34
652.4079	0.5	6	sub-34
653.405	0.5	6	sub-34
654.4054	0.5	6	sub-34
655.4061	0.5	6	sub-34
656.4073	0.5	6	sub-34
657.4082	0.5	6	sub-34
658.4046	0.5	6	sub-34
659.4222	0.5	6	sub-34
660.4231	0.5	6	sub-34
661.4239	0.5	6	sub-34
662.425	0.5	6	sub-34
663.4215	0.5	6	sub-34
664.4223	0.5	6	sub-34
665.4232	0.5	6	sub-34
666.4242	0.5	6	sub-34
667.4251	0.5	6	sub-34
668.4216	0.5	6	sub-34
669.4294	0.5	6	sub-34
670.4299	0.5	6	sub-34
671.4354	0.5	6	sub-34
672.4344	0.5	6	sub-34
673.4302	0.5	6	sub-34
674.4289	0.5	6	sub-34
675.432	0.5	6	sub-34
676.4341	0.5	6	sub-34
677.4362	0.5	6	sub-34
678.4334	0.5	6	sub-34
679.448	0.5	6	sub-34
680.4493	0.5	6	sub-34
681.4522	0.5	6	sub-34
682.4495	0.5	6	sub-34
683.4473	0.5	6	sub-34
684.4488	0.5	6	sub-34
685.4629	0.5	6	sub-34
709.9272	0.5	10	sub-34
710.9345	0.5	10	sub-34
711.9375	0.5	10	sub-34
712.9398	0.5	10	sub-34
713.9309	0.5	10	sub-34
714.934	0.5	10	sub-34
715.9356	0.5	10	sub-34
716.9489	0.5	10	sub-34
717.952	0.5	10	sub-34
718.9554	0.5	10	sub-34
719.9661	0.5	10	sub-34
720.9683	0.5	10	sub-34
721.9673	0.5	10	sub-34
722.9678	0.5	10	sub-34
723.9661	0.5	10	sub-34
724.9676	0.5	10	sub-34
725.9688	0.5	10	sub-34
726.9666	0.5	10	sub-34
727.9719	0.5	10	sub-34
728.9635	0.5	10	sub-34
729.9819	0.5	10	sub-34
730.9852	0.5	10	sub-34
731.9835	0.5	10	sub-34
756.8987	0.5	17	sub-34
757.9021	0.5	17	sub-34
758.8989	0.5	17	sub-34
759.9259	0.5	17	sub-34
760.9257	0.5	17	sub-34
761.9264	0.5	17	sub-34
762.9273	0.5	17	sub-34
763.924	0.5	17	sub-34
764.9247	0.5	17	sub-34
765.9257	0.5	17	sub-34
766.9266	0.5	17	sub-34
767.9275	0.5	17	sub-34
768.9246	0.5	17	sub-34
769.9418	0.5	17	sub-34
770.9427	0.5	17	sub-34
771.9438	0.5	17	sub-34
772.9446	0.5	17	sub-34
773.9414	0.5	17	sub-34
774.9419	0.5	17	sub-34
775.9428	0.5	17	sub-34
776.9433	0.5	17	sub-34
777.9443	0.5	17	sub-34
778.941	0.5	17	sub-34
779.9513	0.5	17	sub-34
780.9498	0.5	17	sub-34
781.9517	0.5	17	sub-34
782.9529	0.5	17	sub-34
783.9486	0.5	17	sub-34
784.9506	0.5	17	sub-34
785.9514	0.5	17	sub-34
786.9529	0.5	17	sub-34
787.9532	0.5	17	sub-34
788.9541	0.5	17	sub-34
789.967	0.5	17	sub-34
790.9677	0.5	17	sub-34
791.9697	0.5	17	sub-34
792.9702	0.5	17	sub-34
793.9651	0.5	17	sub-34
794.9688	0.5	17	sub-34
795.9686	0.5	17	sub-34
796.9689	0.5	17	sub-34
797.9708	0.5	17	sub-34
798.9674	0.5	17	sub-34
799.9678	0.5	17	sub-34
800.9686	0.5	17	sub-34
801.9698	0.5	17	sub-34
802.9694	0.5	17	sub-34
803.9674	0.5	17	sub-34
804.9657	0.5	17	sub-34
805.9717	0.5	17	sub-34
806.9702	0.5	17	sub-34
807.9705	0.5	17	sub-34
808.9701	0.5	17	sub-34
809.9685	0.5	17	sub-34
810.9683	0.5	17	sub-34
811.9677	0.5	17	sub-34
812.9688	0.5	17	sub-34
813.9687	0.5	17	sub-34
814.9682	0.5	17	sub-34
815.9691	0.5	17	sub-34
816.9681	0.5	17	sub-34
817.9712	0.5	17	sub-34
818.9699	0.5	17	sub-34
819.9702	0.5	17	sub-34
820.9689	0.5	17	sub-34
821.9693	0.5	17	sub-34
822.9714	0.5	17	sub-34
823.9683	0.5	17	sub-34
824.9676	0.5	17	sub-34
825.9711	0.5	17	sub-34
826.9685	0.5	17	sub-34
827.9712	0.5	17	sub-34
828.9665	0.5	17	sub-34
829.9679	0.5	17	sub-34
830.97	0.5	17	sub-34
831.9715	0.5	17	sub-34
832.9703	0.5	17	sub-34
833.9676	0.5	17	sub-34
834.969	0.5	17	sub-34
835.9696	0.5	17	sub-34
836.9679	0.5	17	sub-34
837.9715	0.5	17	sub-34
838.9668	0.5	17	sub-34
839.9726	0.5	17	sub-34
840.9855	0.5	17	sub-34
841.9871	0.5	17	sub-34
842.9878	0.5	17	sub-34
843.9848	0.5	17	sub-34
844.9863	0.5	17	sub-34
845.9857	0.5	17	sub-34
846.9866	0.5	17	sub-34
847.9898	0.5	17	sub-34
848.9845	0.5	17	sub-34
849.9838	0.5	17	sub-34
850.9944	0.5	17	sub-34
851.9953	0.5	17	sub-34
852.9963	0.5	17	sub-34
853.9927	0.5	17	sub-34
854.9936	0.5	17	sub-34
855.9944	0.5	17	sub-34
856.9953	0.5	17	sub-34
857.9962	0.5	17	sub-34
858.9932	0.5	17	sub-34
859.9952	0.5	17	sub-34
860.9946	0.5	17	sub-34
861.9954	0.5	17	sub-34
862.9962	0.5	17	sub-34
863.993	0.5	17	sub-34
864.9935	0.5	17	sub-34
865.9949	0.5	17	sub-34
866.9955	0.5	17	sub-34
867.9966	0.5	17	sub-34
868.9937	0.5	17	sub-34
869.9943	0.5	17	sub-34
871.0036	0.5	17	sub-34
872.006	0.5	17	sub-34
873.0066	0.5	17	sub-34
874.0009	0.5	17	sub-34
875.0045	0.5	17	sub-34
876.0059	0.5	17	sub-34
877.0038	0.5	17	sub-34
878.0047	0.5	17	sub-34
879.0033	0.5	17	sub-34
880.003	0.5	17	sub-34
881.0119	0.5	17	sub-34
882.0128	0.5	17	sub-34
883.0136	0.5	17	sub-34
884.0099	0.5	17	sub-34
885.0113	0.5	17	sub-34
886.0118	0.5	17	sub-34
887.0126	0.5	17	sub-34
888.0136	0.5	17	sub-34
889.0106	0.5	17	sub-34
890.0111	0.5	17	sub-34
891.0198	0.5	17	sub-34
892.0227	0.5	17	sub-34
893.0238	0.5	17	sub-34
894.0188	0.5	17	sub-34
895.0194	0.5	17	sub-34
921.854	0.5	3	sub-34
922.8909	0.5	3	sub-34
923.8911	0.5	3	sub-34
924.8887	0.5	3	sub-34
925.8863	0.5	3	sub-34
926.8896	0.5	3	sub-34
927.889	0.5	3	sub-34
928.903	0.5	3	sub-34
929.9062	0.5	3	sub-34
930.913	0.5	3	sub-34
931.9136	0.5	3	sub-34
932.9159	0.5	3	sub-34
933.9155	0.5	3	sub-34
934.9122	0.5	3	sub-34
935.9128	0.5	3	sub-34
936.914	0.5	3	sub-34
937.9144	0.5	3	sub-34
938.9152	0.5	3	sub-34
939.912	0.5	3	sub-34
940.9129	0.5	3	sub-34
941.9137	0.5	3	sub-34
942.9149	0.5	3	sub-34
943.9157	0.5	3	sub-34
944.9122	0.5	3	sub-34
945.913	0.5	3	sub-34
946.9156	0.5	3	sub-34
947.915	0.5	3	sub-34
948.9155	0.5	3	sub-34
949.9123	0.5	3	sub-34
950.9129	0.5	3	sub-34
951.9138	0.5	3	sub-34
952.9151	0.5	3	sub-34
953.9154	0.5	3	sub-34
954.9128	0.5	3	sub-34
955.9136	0.5	3	sub-34
956.9141	0.5	3	sub-34
957.9149	0.5	3	sub-34
958.9158	0.5	3	sub-34
959.9123	0.5	3	sub-34
960.9133	0.5	3	sub-34
961.9215	0.5	3	sub-34
962.926	0.5	3	sub-34
963.9233	0.5	3	sub-34
964.9203	0.5	3	sub-34
965.9245	0.5	3	sub-34
966.9233	0.5	3	sub-34
967.9229	0.5	3	sub-34
968.9251	0.5	3	sub-34
969.9219	0.5	3	sub-34
970.922	0.5	3	sub-34
971.9225	0.5	3	sub-34
972.9226	0.5	3	sub-34
973.9249	0.5	3	sub-34
974.9244	0.5	3	sub-34
975.9218	0.5	3	sub-34
976.9235	0.5	3	sub-34
977.9236	0.5	3	sub-34
978.9243	0.5	3	sub-34
979.9228	0.5	3	sub-34
980.9232	0.5	3	sub-34
981.924	0.5	3	sub-34
982.9231	0.5	3	sub-34
983.9274	0.5	3	sub-34
984.9205	0.5	3	sub-34
985.9229	0.5	3	sub-34
986.9242	0.5	3	sub-34
987.9257	0.5	3	sub-34
988.9272	0.5	3	sub-34
989.9231	0.5	3	sub-34
990.9245	0.5	3	sub-34
991.9313	0.5	3	sub-34
992.9324	0.5	3	sub-34
993.9335	0.5	3	sub-34
994.9301	0.5	3	sub-34
995.9353	0.5	3	sub-34
996.9396	0.5	3	sub-34
997.9409	0.5	3	sub-34
998.9402	0.5	3	sub-34
999.9376	0.5	3	sub-34
1000.9406	0.5	3	sub-34
1026.7627	0.5	18	sub-34
1027.7829	0.5	18	sub-34
1028.7836	0.5	18	sub-34
1029.781	0.5	18	sub-34
1030.7814	0.5	18	sub-34
1031.7941	0.5	18	sub-34
1032.7932	0.5	18	sub-34
1033.7934	0.5	18	sub-34
1034.7921	0.5	18	sub-34
1035.7912	0.5	18	sub-34
1036.7894	0.5	18	sub-34
1037.7951	0.5	18	sub-34
1038.7925	0.5	18	sub-34
1039.7897	0.5	18	sub-34
1040.793	0.5	18	sub-34
1041.7994	0.5	18	sub-34
1042.8004	0.5	18	sub-34
1043.8012	0.5	18	sub-34
1044.798	0.5	18	sub-34
1045.7985	0.5	18	sub-34
1046.7994	0.5	18	sub-34
1047.8001	0.5	18	sub-34
1048.8013	0.5	18	sub-34
1049.7978	0.5	18	sub-34
1050.7999	0.5	18	sub-34
1051.8087	0.5	18	sub-34
1052.81	0.5	18	sub-34
1053.8093	0.5	18	sub-34
1054.8058	0.5	18	sub-34
1055.8084	0.5	18	sub-34
1056.8095	0.5	18	sub-34
1057.8073	0.5	18	sub-34
1058.8115	0.5	18	sub-34
1059.8096	0.5	18	sub-34
1060.8086	0.5	18	sub-34
1061.8064	0.5	18	sub-34
1062.8089	0.5	18	sub-34
1063.8101	0.5	18	sub-34
1064.8044	0.5	18	sub-34
1065.8109	0.5	18	sub-34
1066.8095	0.5	18	sub-34
1067.8076	0.5	18	sub-34
1068.8113	0.5	18	sub-34
1069.806	0.5	18	sub-34
1070.8078	0.5	18	sub-34
1094.5585	0.5	8	sub-34
1095.5612	0.5	8	sub-34
1096.5591	0.5	8	sub-34
1097.5592	0.5	8	sub-34
1098.5624	0.5	8	sub-34
1099.5599	0.5	8	sub-34
1100.5589	0.5	8	sub-34
1101.5588	0.5	8	sub-34
1102.5583	0.5	8	sub-34
1103.5642	0.5	8	sub-34
1104.5614	0.5	8	sub-34
1105.5584	0.5	8	sub-34
1106.5576	0.5	8	sub-34
1107.5702	0.5	8	sub-34
1108.5707	0.5	8	sub-34
1109.566	0.5	8	sub-34
1110.5667	0.5	8	sub-34
1111.5671	0.5	8	sub-34
1112.5809	0.5	8	sub-34
1113.5777	0.5	8	sub-34
1114.5762	0.5	8	sub-34
1115.5794	0.5	8	sub-34
1116.5777	0.5	8	sub-34
1117.5771	0.5	8	sub-34
1118.5799	0.5	8	sub-34
1119.576	0.5	8	sub-34
1120.5789	0.5	8	sub-34
1121.5749	0.5	8	sub-34
1122.5847	0.5	8	sub-34
1123.5859	0.5	8	sub-34
1124.5824	0.5	8	sub-34
1125.5837	0.5	8	sub-34
1126.5845	0.5	8	sub-34
1127.5849	0.5	8	sub-34
1128.5859	0.5	8	sub-34
1129.5866	0.5	8	sub-34
1130.5836	0.5	8	sub-34
1131.5845	0.5	8	sub-34
1132.5932	0.5	8	sub-34
1133.5939	0.5	8	sub-34
1134.5972	0.5	8	sub-34
1135.5939	0.5	8	sub-34
1136.5934	0.5	8	sub-34
1137.5923	0.5	8	sub-34
1138.5995	0.5	8	sub-34
1139.5938	0.5	8	sub-34
1140.592	0.5	8	sub-34
1141.6013	0.5	8	sub-34
1142.6153	0.5	8	sub-34
1143.6122	0.5	8	sub-34
1144.6134	0.5	8	sub-34
1145.611	0.5	8	sub-34
1146.6109	0.5	8	sub-34
1147.6117	0.5	8	sub-34
1148.6105	0.5	8	sub-34
1149.6108	0.5	8	sub-34
1150.612	0.5	8	sub-34
1151.6101	0.5	8	sub-34
1152.6191	0.5	8	sub-34
1153.62	0.5	8	sub-34
1154.6207	0.5	8	sub-34
1155.6176	0.5	8	sub-34
1156.6182	0.5	8	sub-34
1157.6193	0.5	8	sub-34
1158.6202	0.5	8	sub-34
1159.6207	0.5	8	sub-34
1160.6175	0.5	8	sub-34
1161.6183	0.5	8	sub-34
1162.6295	0.5	8	sub-34
1163.6284	0.5	8	sub-34
1164.6426	0.5	8	sub-34
1165.6445	0.5	8	sub-34
1166.6421	0.5	8	sub-34
1167.649	0.5	8	sub-34
1168.6454	0.5	8	sub-34
1169.6471	0.5	8	sub-34
1170.6418	0.5	8	sub-34
1171.643	0.5	8	sub-34
1172.6525	0.5	8	sub-34
1173.6535	0.5	8	sub-34
1174.6544	0.5	8	sub-34
1198.8122	0.5	1	sub-34
1199.8097	0.5	1	sub-34
1200.8087	0.5	1	sub-34
1201.8126	0.5	1	sub-34
1202.817	0.5	1	sub-34
1203.8209	0.5	1	sub-34
1204.8247	0.5	1	sub-34
1205.8279	0.5	1	sub-34
1206.8285	0.5	1	sub-34
1207.8297	0.5	1	sub-34
1208.8316	0.5	1	sub-34
1209.8321	0.5	1	sub-34
1210.8521	0.5	1	sub-34
1211.8529	0.5	1	sub-34
1212.8538	0.5	1	sub-34
1213.8638	0.5	1	sub-34
1214.8598	0.5	1	sub-34
1215.8624	0.5	1	sub-34
1216.8636	0.5	1	sub-34
1217.8635	0.5	1	sub-34
1218.8662	0.5	1	sub-34
1219.864	0.5	1	sub-34
1220.8601	0.5	1	sub-34
1221.8664	0.5	1	sub-34
1222.8604	0.5	1	sub-34
1223.8718	0.5	1	sub-34
1224.8724	0.5	1	sub-34
1225.869	0.5	1	sub-34
1226.87	0.5	1	sub-34
1227.8708	0.5	1	sub-34
1228.8718	0.5	1	sub-34
1229.8727	0.5	1	sub-34
1230.8697	0.5	1	sub-34
1231.8703	0.5	1	sub-34
1232.8714	0.5	1	sub-34
1233.8808	0.5	1	sub-34
1234.8813	0.5	1	sub-34
1235.8774	0.5	1	sub-34
1236.8809	0.5	1	sub-34
1237.8782	0.5	1	sub-34
1238.8803	0.5	1	sub-34
1239.881	0.5	1	sub-34
1240.8774	0.5	1	sub-34
1241.8768	0.5	1	sub-34
1242.8803	0.5	1	sub-34
1243.8889	0.5	1	sub-34
1244.8892	0.5	1	sub-34
1245.8865	0.5	1	sub-34
1246.8871	0.5	1	sub-34
1247.888	0.5	1	sub-34
1248.8887	0.5	1	sub-34
1249.8895	0.5	1	sub-34
1250.8865	0.5	1	sub-34
1251.8874	0.5	1	sub-34
1252.8881	0.5	1	sub-34
1253.8982	0.5	1	sub-34
1254.8994	0.5	1	sub-34
1255.8938	0.5	1	sub-34
1256.8943	0.5	1	sub-34
1257.8966	0.5	1	sub-34
1258.8964	0.5	1	sub-34
1259.8999	0.5	1	sub-34
1260.8967	0.5	1	sub-34
1261.8959	0.5	1	sub-34
1262.896	0.5	1	sub-34
1263.9062	0.5	1	sub-34
1264.9136	0.5	1	sub-34
1265.9118	0.5	1	sub-34
1266.9161	0.5	1	sub-34
1267.9133	0.5	1	sub-34
1268.9141	0.5	1	sub-34
1269.919	0.5	1	sub-34
1270.9115	0.5	1	sub-34
1271.9142	0.5	1	sub-34
1272.9157	0.5	1	sub-34
1273.9227	0.5	1	sub-34
1274.9235	0.5	1	sub-34
1275.9203	0.5	1	sub-34
1276.9215	0.5	1	sub-34
1277.9221	0.5	1	sub-34
1278.9232	0.5	1	sub-34
1279.9237	0.5	1	sub-34
1280.9204	0.5	1	sub-34
1281.9212	0.5	1	sub-34
1282.9224	0.5	1	sub-34
1283.9314	0.5	1	sub-34
1284.9338	0.5	1	sub-34
1285.9274	0.5	1	sub-34
1286.9292	0.5	1	sub-34
1287.9286	0.5	1	sub-34
1288.9301	0.5	1	sub-34
1289.9321	0.5	1	sub-34
1290.9311	0.5	1	sub-34
1291.931	0.5	1	sub-34
1292.93	0.5	1	sub-34
1293.9401	0.5	1	sub-34
1294.941	0.5	1	sub-34
1295.9374	0.5	1	sub-34
1296.9383	0.5	1	sub-34
1297.9391	0.5	1	sub-34
1298.9402	0.5	1	sub-34
1299.9408	0.5	1	sub-34
1300.9375	0.5	1	sub-34
1301.9384	0.5	1	sub-34
1302.9392	0.5	1	sub-34
1303.9472	0.5	1	sub-34
1304.951	0.5	1	sub-34
1305.9454	0.5	1	sub-34
1306.9455	0.5	1	sub-34
1307.9481	0.5	1	sub-34
1308.9491	0.5	1	sub-34
1309.9503	0.5	1	sub-34
1310.9488	0.5	1	sub-34
1311.9462	0.5	1	sub-34
1312.949	0.5	1	sub-34
1313.9569	0.5	1	sub-34
1314.9578	0.5	1	sub-34
1315.9546	0.5	1	sub-34
1317.0042	0.5	1	sub-34
1318.0062	0.5	1	sub-34
1319.007	0.5	1	sub-34
1320.008	0.5	1	sub-34
1321.0046	0.5	1	sub-34
1322.0055	0.5	1	sub-34
1323.0064	0.5	1	sub-34
1324.0154	0.5	1	sub-34
1325.0193	0.5	1	sub-34
1326.0163	0.5	1	sub-34
1327.0158	0.5	1	sub-34
1328.0135	0.5	1	sub-34
1329.0154	0.5	1	sub-34
1330.0184	0.5	1	sub-34
1331.015	0.5	1	sub-34
1332.0141	0.5	1	sub-34
1333.0155	0.5	1	sub-34
1334.0241	0.5	1	sub-34
1335.0252	0.5	1	sub-34
1336.0217	0.5	1	sub-34
1337.0225	0.5	1	sub-34
1338.0234	0.5	1	sub-34
1339.0244	0.5	1	sub-34
1340.0253	0.5	1	sub-34
1341.0219	0.5	1	sub-34
1342.0226	0.5	1	sub-34
1343.0235	0.5	1	sub-34
1344.0324	0.5	1	sub-34
1345.0363	0.5	1	sub-34
1346.0334	0.5	1	sub-34
1347.0298	0.5	1	sub-34
1348.0305	0.5	1	sub-34
1349.0331	0.5	1	sub-34
1350.0328	0.5	1	sub-34
1351.0284	0.5	1	sub-34
1352.0322	0.5	1	sub-34
1353.0307	0.5	1	sub-34
1354.0347	0.5	1	sub-34
1355.0423	0.5	1	sub-34
1356.0389	0.5	1	sub-34
1357.04	0.5	1	sub-34
1358.0405	0.5	1	sub-34
1359.0416	0.5	1	sub-34
1360.0421	0.5	1	sub-34
1361.039	0.5	1	sub-34
1362.0401	0.5	1	sub-34
1363.0406	0.5	1	sub-34
1364.0417	0.5	1	sub-34
1365.052	0.5	1	sub-34
1366.0464	0.5	1	sub-34
1367.0492	0.5	1	sub-34
1368.0479	0.5	1	sub-34
1369.0495	0.5	1	sub-34
1370.0487	0.5	1	sub-34
1371.0496	0.5	1	sub-34
1372.0497	0.5	1	sub-34
1373.0506	0.5	1	sub-34
1374.0499	0.5	1	sub-34
1375.0591	0.5	1	sub-34
1376.056	0.5	1	sub-34
1377.0568	0.5	1	sub-34
1378.0576	0.5	1	sub-34
1379.0584	0.5	1	sub-34
1380.0595	0.5	1	sub-34
1381.0561	0.5	1	sub-34
1382.0568	0.5	1	sub-34
1383.0577	0.5	1	sub-34
1406.5955	0.5	4	sub-34
1407.6007	0.5	4	sub-34
1408.604	0.5	4	sub-34
1409.6038	0.5	4	sub-34
1410.5997	0.5	4	sub-34
1411.5988	0.5	4	sub-34
1412.6017	0.5	4	sub-34
1413.6004	0.5	4	sub-34
1414.6094	0.5	4	sub-34
1415.6064	0.5	4	sub-34
1416.6076	0.5	4	sub-34
1417.6082	0.5	4	sub-34
1418.609	0.5	4	sub-34
1419.6099	0.5	4	sub-34
1420.6069	0.5	4	sub-34
1421.6074	0.5	4	sub-34
1422.6086	0.5	4	sub-34
1423.6091	0.5	4	sub-34
1424.6101	0.5	4	sub-34
1425.6146	0.5	4	sub-34
1426.6154	0.5	4	sub-34
1427.6173	0.5	4	sub-34
1428.6169	0.5	4	sub-34
1429.6191	0.5	4	sub-34
1430.6143	0.5	4	sub-34
1431.6143	0.5	4	sub-34
1432.6176	0.5	4	sub-34
1433.6194	0.5	4	sub-34
1434.6196	0.5	4	sub-34
1435.6236	0.5	4	sub-34
1436.6245	0.5	4	sub-34
1437.6253	0.5	4	sub-34
1438.626	0.5	4	sub-34
1439.6268	0.5	4	sub-34
1440.6238	0.5	4	sub-34
1441.6243	0.5	4	sub-34
1442.6252	0.5	4	sub-34
1443.6261	0.5	4	sub-34
1444.6269	0.5	4	sub-34
1445.6325	0.5	4	sub-34
1446.6326	0.5	4	sub-34
1447.6363	0.5	4	sub-34
1448.6389	0.5	4	sub-34
1449.6344	0.5	4	sub-34
1450.6353	0.5	4	sub-34
1451.6336	0.5	4	sub-34
1452.6334	0.5	4	sub-34
1453.634	0.5	4	sub-34
1454.6401	0.5	4	sub-34
1455.6408	0.5	4	sub-34
1456.6418	0.5	4	sub-34
1457.6427	0.5	4	sub-34
1483.8636	0.5	15	sub-34
1484.8729	0.5	15	sub-34
1485.8753	0.5	15	sub-34
1486.8943	0.5	15	sub-34
1487.9097	0.5	15	sub-34
1488.9108	0.5	15	sub-34
1489.9119	0.5	15	sub-34
1490.9082	0.5	15	sub-34
1491.9095	0.5	15	sub-34
1492.91	0.5	15	sub-34
1493.9109	0.5	15	sub-34
1494.9117	0.5	15	sub-34
1495.917	0.5	15	sub-34
1496.9189	0.5	15	sub-34
1497.9191	0.5	15	sub-34
1498.9207	0.5	15	sub-34
1523.7484	0.5	12	sub-34
1524.7624	0.5	12	sub-34
1525.763	0.5	12	sub-34
1526.7598	0.5	12	sub-34
1527.7606	0.5	12	sub-34
1528.7618	0.5	12	sub-34
1529.7624	0.5	12	sub-34
1530.7632	0.5	12	sub-34
1531.7598	0.5	12	sub-34
1532.761	0.5	12	sub-34
1533.7614	0.5	12	sub-34
1534.7725	0.5	12	sub-34
1535.8131	0.5	12	sub-34
1536.8101	0.5	12	sub-34
1537.8109	0.5	12	sub-34
1538.8121	0.5	12	sub-34
1539.8125	0.5	12	sub-34
1540.8134	0.5	12	sub-34
1541.8207	0.5	12	sub-34
1542.8193	0.5	12	sub-34
1543.8194	0.5	12	sub-34
1544.8213	0.5	12	sub-34
1545.8306	0.5	12	sub-34
1546.8268	0.5	12	sub-34
1547.8279	0.5	12	sub-34
1548.8287	0.5	12	sub-34
1549.8295	0.5	12	sub-34
1550.8304	0.5	12	sub-34
1551.8275	0.5	12	sub-34
1552.8283	0.5	12	sub-34
1553.8289	0.5	12	sub-34
1554.8296	0.5	12	sub-34
1555.8381	0.5	12	sub-34
1556.8369	0.5	12	sub-34
1557.8406	0.5	12	sub-34
1558.8391	0.5	12	sub-34
1559.8402	0.5	12	sub-34
1560.8377	0.5	12	sub-34
1561.836	0.5	12	sub-34
1562.8358	0.5	12	sub-34
1563.8394	0.5	12	sub-34
1564.8397	0.5	12	sub-34
1565.8472	0.5	12	sub-34
1566.8441	0.5	12	sub-34
1567.845	0.5	12	sub-34
1568.8462	0.5	12	sub-34
1569.8467	0.5	12	sub-34
1570.8478	0.5	12	sub-34
1571.8445	0.5	12	sub-34
1572.845	0.5	12	sub-34
1573.8459	0.5	12	sub-34
1574.847	0.5	12	sub-34
1575.8475	0.5	12	sub-34
1576.8561	0.5	12	sub-34
1577.8542	0.5	12	sub-34
1578.858	0.5	12	sub-34
1579.8564	0.5	12	sub-34
1580.8552	0.5	12	sub-34
1581.8526	0.5	12	sub-34
1582.8522	0.5	12	sub-34
1583.8576	0.5	12	sub-34
1584.8537	0.5	12	sub-34
1585.8568	0.5	12	sub-34
1586.8616	0.5	12	sub-34
1587.8625	0.5	12	sub-34
1588.863	0.5	12	sub-34
1589.864	0.5	12	sub-34
1590.8648	0.5	12	sub-34
1591.8615	0.5	12	sub-34
1592.8623	0.5	12	sub-34
1593.8632	0.5	12	sub-34
1594.8644	0.5	12	sub-34
1595.8651	0.5	12	sub-34
1596.872	0.5	12	sub-34
1597.8703	0.5	12	sub-34
1598.8695	0.5	12	sub-34
1599.872	0.5	12	sub-34
1600.8726	0.5	12	sub-34
1601.867	0.5	12	sub-34
1602.871	0.5	12	sub-34
1603.8716	0.5	12	sub-34
1604.8742	0.5	12	sub-34
1605.8754	0.5	12	sub-34
1606.8702	0.5	12	sub-34
1607.8714	0.5	12	sub-34
1608.8707	0.5	12	sub-34
1609.886	0.5	12	sub-34
1610.8932	0.5	12	sub-34
1611.8893	0.5	12	sub-34
1612.8893	0.5	12	sub-34
1613.8877	0.5	12	sub-34
1614.8873	0.5	12	sub-34
1615.8897	0.5	12	sub-34
1616.8889	0.5	12	sub-34
1617.8881	0.5	12	sub-34
1618.8875	0.5	12	sub-34
1619.8894	0.5	12	sub-34
1620.8926	0.5	12	sub-34
1621.8893	0.5	12	sub-34
1622.8888	0.5	12	sub-34
1623.8881	0.5	12	sub-34
1624.8899	0.5	12	sub-34
1625.893	0.5	12	sub-34
1626.8956	0.5	12	sub-34
1627.8963	0.5	12	sub-34
1628.8974	0.5	12	sub-34
1653.2259	0.5	16	sub-34
1654.2253	0.5	16	sub-34
1655.2241	0.5	16	sub-34
1656.2274	0.5	16	sub-34
1657.2301	0.5	16	sub-34
1658.2306	0.5	16	sub-34
1659.2315	0.5	16	sub-34
1660.2327	0.5	16	sub-34
1661.2361	0.5	16	sub-34
1662.2502	0.5	16	sub-34
1663.2593	0.5	16	sub-34
1664.2582	0.5	16	sub-34
1665.2572	0.5	16	sub-34
1666.2596	0.5	16	sub-34
1667.2554	0.5	16	sub-34
1668.258	0.5	16	sub-34
1669.2584	0.5	16	sub-34
1670.259	0.5	16	sub-34
1671.2578	0.5	16	sub-34
1672.254	0.5	16	sub-34
1673.2642	0.5	16	sub-34
1674.2653	0.5	16	sub-34
1675.2665	0.5	16	sub-34
1676.2669	0.5	16	sub-34
1677.2636	0.5	16	sub-34
1678.2647	0.5	16	sub-34
1679.2655	0.5	16	sub-34
1680.2664	0.5	16	sub-34
1681.2669	0.5	16	sub-34
1682.2637	0.5	16	sub-34
1683.2645	0.5	16	sub-34
1684.2654	0.5	16	sub-34
1685.2661	0.5	16	sub-34
1686.2671	0.5	16	sub-34
1687.2642	0.5	16	sub-34
1688.2646	0.5	16	sub-34
1689.2656	0.5	16	sub-34
1690.2668	0.5	16	sub-34
1691.2675	0.5	16	sub-34
1692.2642	0.5	16	sub-34
1693.2647	0.5	16	sub-34
1694.2656	0.5	16	sub-34
1695.2664	0.5	16	sub-34
1696.2673	0.5	16	sub-34
1697.2742	0.5	16	sub-34
1698.2707	0.5	16	sub-34
1699.2757	0.5	16	sub-34
1700.2791	0.5	16	sub-34
1701.2756	0.5	16	sub-34
1702.2722	0.5	16	sub-34
1703.2786	0.5	16	sub-34
1704.2754	0.5	16	sub-34
1705.2772	0.5	16	sub-34
1706.2781	0.5	16	sub-34
1707.2901	0.5	16	sub-34
1708.2919	0.5	16	sub-34
1709.2888	0.5	16	sub-34
1710.2957	0.5	16	sub-34
1736.5894	0.5	11	sub-34
1737.5984	0.5	11	sub-34
1738.5993	0.5	11	sub-34
1739.6001	0.5	11	sub-34
1740.6013	0.5	11	sub-34
1741.6047	0.5	11	sub-34
1742.6096	0.5	11	sub-34
1743.6092	0.5	11	sub-34
1744.6079	0.5	11	sub-34
1745.6093	0.5	11	sub-34
1746.6153	0.5	11	sub-34
1747.6245	0.5	11	sub-34
1748.6253	0.5	11	sub-34
1749.6251	0.5	11	sub-34
1750.6269	0.5	11	sub-34
1751.6246	0.5	11	sub-34
1752.6236	0.5	11	sub-34
1753.6267	0.5	11	sub-34
1754.6253	0.5	11	sub-34
1755.626	0.5	11	sub-34
1756.6228	0.5	11	sub-34
1757.6434	0.5	11	sub-34
1758.6424	0.5	11	sub-34
1759.642	0.5	11	sub-34
1760.6424	0.5	11	sub-34
1761.6432	0.5	11	sub-34
1762.6399	0.5	11	sub-34
1763.6436	0.5	11	sub-34
1764.6451	0.5	11	sub-34
1765.6463	0.5	11	sub-34
1766.647	0.5	11	sub-34
1767.6659	0.5	11	sub-34
1768.6701	0.5	11	sub-34
1769.6808	0.5	11	sub-34
1770.6756	0.5	11	sub-34
1771.6758	0.5	11	sub-34
1772.6748	0.5	11	sub-34
1773.6751	0.5	11	sub-34
1774.6768	0.5	11	sub-34
1775.6768	0.5	11	sub-34
1776.6793	0.5	11	sub-34
1777.7073	0.5	11	sub-34
1778.7112	0.5	11	sub-34
1779.7096	0.5	11	sub-34
1780.7097	0.5	11	sub-34
1781.7098	0.5	11	sub-34
1782.7108	0.5	11	sub-34
1783.7093	0.5	11	sub-34
1784.7097	0.5	11	sub-34
1785.71	0.5	11	sub-34
1786.7131	0.5	11	sub-34
1787.7333	0.5	11	sub-34
1788.7343	0.5	11	sub-34
1789.7348	0.5	11	sub-34
1790.7354	0.5	11	sub-34
1791.7323	0.5	11	sub-34
1792.7334	0.5	11	sub-34
1793.7341	0.5	11	sub-34
1794.7347	0.5	11	sub-34
1795.7356	0.5	11	sub-34
1796.7368	0.5	11	sub-34
1797.7502	0.5	11	sub-34
1798.7508	0.5	11	sub-34
1799.7517	0.5	11	sub-34
1800.7527	0.5	11	sub-34
1801.7532	0.5	11	sub-34
1802.75	0.5	11	sub-34
1803.7509	0.5	11	sub-34
1804.7517	0.5	11	sub-34
1805.7529	0.5	11	sub-34
1806.7536	0.5	11	sub-34
1807.7667	0.5	11	sub-34
1808.7681	0.5	11	sub-34
1809.7689	0.5	11	sub-34
1810.7695	0.5	11	sub-34
1811.7702	0.5	11	sub-34
1812.767	0.5	11	sub-34
1813.7681	0.5	11	sub-34
1814.7687	0.5	11	sub-34
1815.7696	0.5	11	sub-34
1816.7703	0.5	11	sub-34
1817.7671	0.5	11	sub-34
1818.7788	0.5	11	sub-34
1819.78	0.5	11	sub-34
1844.1877	0.5	19	sub-34
1845.1938	0.5	19	sub-34
1846.1965	0.5	19	sub-34
1847.1922	0.5	19	sub-34
1848.2018	0.5	19	sub-34
1849.2023	0.5	19	sub-34
1850.2029	0.5	19	sub-34
1851.2039	0.5	19	sub-34
1852.2025	0.5	19	sub-34
1853.2019	0.5	19	sub-34
1854.2024	0.5	19	sub-34
1855.2032	0.5	19	sub-34
1856.204	0.5	19	sub-34
1857.2008	0.5	19	sub-34
1858.2014	0.5	19	sub-34
1859.2025	0.5	19	sub-34
1860.2035	0.5	19	sub-34
1861.2041	0.5	19	sub-34
1862.2013	0.5	19	sub-34
1863.2021	0.5	19	sub-34
1864.2027	0.5	19	sub-34
1865.2202	0.5	19	sub-34
1866.2212	0.5	19	sub-34
1867.2177	0.5	19	sub-34
1868.2284	0.5	19	sub-34
1869.2296	0.5	19	sub-34
1870.2276	0.5	19	sub-34
1871.2326	0.5	19	sub-34
1872.2293	0.5	19	sub-34
1873.2281	0.5	19	sub-34
1874.2293	0.5	19	sub-34
1875.2288	0.5	19	sub-34
1876.2296	0.5	19	sub-34
1877.2302	0.5	19	sub-34
1901.2393	0.5	7	sub-34
1902.2642	0.5	7	sub-34
1903.2631	0.5	7	sub-34
1904.2624	0.5	7	sub-34
1905.2702	0.5	7	sub-34
1906.272	0.5	7	sub-34
1907.269	0.5	7	sub-34
1908.2695	0.5	7	sub-34
1909.2703	0.5	7	sub-34
1910.2711	0.5	7	sub-34
1911.2723	0.5	7	sub-34
1912.2691	0.5	7	sub-34
1913.2695	0.5	7	sub-34
1914.2704	0.5	7	sub-34
1915.2712	0.5	7	sub-34
1916.272	0.5	7	sub-34
1917.2692	0.5	7	sub-34
1918.2701	0.5	7	sub-34
1919.2704	0.5	7	sub-34
1920.2716	0.5	7	sub-34
1921.2722	0.5	7	sub-34
1922.269	0.5	7	sub-34
1923.2701	0.5	7	sub-34
1924.2706	0.5	7	sub-34
1925.2718	0.5	7	sub-34
1926.2722	0.5	7	sub-34
1927.2692	0.5	7	sub-34
1928.2703	0.5	7	sub-34
1929.2786	0.5	7	sub-34
1930.28	0.5	7	sub-34
1931.2811	0.5	7	sub-34
1932.2763	0.5	7	sub-34
1933.279	0.5	7	sub-34
1934.2803	0.5	7	sub-34
1935.2852	0.5	7	sub-34
1936.2906	0.5	7	sub-34
1937.2861	0.5	7	sub-34
1938.2868	0.5	7	sub-34
1939.3044	0.5	7	sub-34
1940.3052	0.5	7	sub-34
1941.3063	0.5	7	sub-34
1942.3029	0.5	7	sub-34
1943.3036	0.5	7	sub-34
1944.3045	0.5	7	sub-34
1945.3054	0.5	7	sub-34
1946.3065	0.5	7	sub-34
1947.3033	0.5	7	sub-34
1948.304	0.5	7	sub-34
1949.3153	0.5	7	sub-34
1950.317	0.5	7	sub-34
1951.3158	0.5	7	sub-34
1952.3118	0.5	7	sub-34
1953.3132	0.5	7	sub-34
1954.312	0.5	7	sub-34
1955.3128	0.5	7	sub-34
1956.3147	0.5	7	sub-34
1957.3129	0.5	7	sub-34
1958.3134	0.5	7	sub-34
1959.3218	0.5	7	sub-34
1960.3227	0.5	7	sub-34
1961.3231	0.5	7	sub-34
1962.3199	0.5	7	sub-34
1963.321	0.5	7	sub-34
1964.3216	0.5	7	sub-34
1965.3224	0.5	7	sub-34
1966.3232	0.5	7	sub-34
1967.3201	0.5	7	sub-34
1968.3208	0.5	7	sub-34
1969.3384	0.5	7	sub-34
1970.3391	0.5	7	sub-34
1971.3403	0.5	7	sub-34
1972.3371	0.5	7	sub-34
1973.3375	0.5	7	sub-34
1974.3388	0.5	7	sub-34
1975.3393	0.5	7	sub-34
1976.34	0.5	7	sub-34
1977.3412	0.5	7	sub-34
1978.3383	0.5	7	sub-34
1979.3474	0.5	7	sub-34
1980.3486	0.5	7	sub-34
1981.3485	0.5	7	sub-34
1982.3498	0.5	7	sub-34
1983.3461	0.5	7	sub-34
1984.3455	0.5	7	sub-34
1985.3482	0.5	7	sub-34
1986.3504	0.5	7	sub-34
1987.35	0.5	7	sub-34
1988.3464	0.5	7	sub-34
1989.3555	0.5	7	sub-34
1990.3563	0.5	7	sub-34
1991.3574	0.5	7	sub-34
1992.3583	0.5	7	sub-34
1993.355	0.5	7	sub-34
1994.3556	0.5	7	sub-34
1995.3565	0.5	7	sub-34
1996.3572	0.5	7	sub-34
1997.3583	0.5	7	sub-34
1998.3549	0.5	7	sub-34
1999.3722	0.5	7	sub-34
2000.3732	0.5	7	sub-34
2001.3743	0.5	7	sub-34
2002.3751	0.5	7	sub-34
2003.3719	0.5	7	sub-34
2004.3723	0.5	7	sub-34
2005.3734	0.5	7	sub-34
2006.3741	0.5	7	sub-34
2007.3753	0.5	7	sub-34
2008.3717	0.5	7	sub-34
2009.3803	0.5	7	sub-34
2010.38	0.5	7	sub-34
2011.3838	0.5	7	sub-34
2012.3846	0.5	7	sub-34
2013.3794	0.5	7	sub-34
2014.3798	0.5	7	sub-34
2015.3834	0.5	7	sub-34
2016.3829	0.5	7	sub-34
2017.3814	0.5	7	sub-34
2018.3828	0.5	7	sub-34
2019.3812	0.5	7	sub-34
2020.3904	0.5	7	sub-34
2021.3988	0.5	7	sub-34
2022.4011	0.5	7	sub-34
2023.4004	0.5	7	sub-34
2024.3976	0.5	7	sub-34
2025.4014	0.5	7	sub-34
2026.4015	0.5	7	sub-34
2027.4035	0.5	7	sub-34
2028.3964	0.5	7	sub-34
2029.3985	0.5	7	sub-34
2030.4152	0.5	7	sub-34
2031.4178	0.5	7	sub-34
2032.4189	0.5	7	sub-34
2033.4145	0.5	7	sub-34
2034.4173	0.5	7	sub-34
2035.4161	0.5	7	sub-34
2036.418	0.5	7	sub-34
2037.416	0.5	7	sub-34
2038.416	0.5	7	sub-34
2039.4184	0.5	7	sub-34
2040.4242	0.5	7	sub-34
2041.4249	0.5	7	sub-34
2042.4258	0.5	7	sub-34
2043.4225	0.5	7	sub-34
2044.4234	0.5	7	sub-34
2045.4242	0.5	7	sub-34
2046.4254	0.5	7	sub-34
2047.4259	0.5	7	sub-34
2048.423	0.5	7	sub-34
2049.4236	0.5	7	sub-34
2076.826	0.5	9	sub-34
2077.8227	0.5	9	sub-34
2078.8239	0.5	9	sub-34
2079.8243	0.5	9	sub-34
2080.8343	0.5	9	sub-34
2081.8343	0.5	9	sub-34
2082.8342	0.5	9	sub-34
2083.8342	0.5	9	sub-34
2084.8356	0.5	9	sub-34
2085.8395	0.5	9	sub-34
2086.8599	0.5	9	sub-34
2087.8563	0.5	9	sub-34
2088.8573	0.5	9	sub-34
2089.8581	0.5	9	sub-34
2090.8685	0.5	9	sub-34
2091.868	0.5	9	sub-34
2092.8694	0.5	9	sub-34
2093.8643	0.5	9	sub-34
2094.8655	0.5	9	sub-34
2095.8792	0.5	9	sub-34
2096.8963	0.5	9	sub-34
2097.8939	0.5	9	sub-34
2098.9081	0.5	9	sub-34
2099.9271	0.5	9	sub-34
2100.9424	0.5	9	sub-34
2101.9475	0.5	9	sub-34
2102.9562	0.5	9	sub-34
2103.9596	0.5	9	sub-34
2104.9608	0.5	9	sub-34
2105.9635	0.5	9	sub-34
2106.9728	0.5	9	sub-34
2107.9741	0.5	9	sub-34
2108.9743	0.5	9	sub-34
2109.9753	0.5	9	sub-34
2110.9928	0.5	9	sub-34
2111.9937	0.5	9	sub-34
2112.9904	0.5	9	sub-34
2113.9912	0.5	9	sub-34
2114.9925	0.5	9	sub-34
2115.993	0.5	9	sub-34
2116.9941	0.5	9	sub-34
2117.9906	0.5	9	sub-34
2118.9914	0.5	9	sub-34
2119.9941	0.5	9	sub-34
2121.0003	0.5	9	sub-34
2122.0068	0.5	9	sub-34
2123.0038	0.5	9	sub-34
2124.0024	0.5	9	sub-34
2125.0016	0.5	9	sub-34
2126.0028	0.5	9	sub-34
2127.0196	0.5	9	sub-34
